1,2,,"g.edge(""",""",""",""")",,"g.edge(""1"",""2"")"
2,3,,,,,,"g.edge(""2"",""3"")"
3,4,,,,,,"g.edge(""3"",""4"")"
4,5,,,,,,"g.edge(""4"",""5"")"
5,6,,,,,,"g.edge(""5"",""6"")"
6,7,,,,,,"g.edge(""6"",""7"")"
7,8,,,,,,"g.edge(""7"",""8"")"
8,9,,,,,,"g.edge(""8"",""9"")"
9,10,,,,,,"g.edge(""9"",""10"")"
10,11,,,,,,"g.edge(""10"",""11"")"
11,12,,,,,,"g.edge(""11"",""12"")"
12,13,,,,,,"g.edge(""12"",""13"")"
13,14,,,,,,"g.edge(""13"",""14"")"
14,15,,,,,,"g.edge(""14"",""15"")"
15,16,,,,,,"g.edge(""15"",""16"")"
16,17,,,,,,"g.edge(""16"",""17"")"
17,18,,,,,,"g.edge(""17"",""18"")"
18,19,,,,,,"g.edge(""18"",""19"")"
19,20,,,,,,"g.edge(""19"",""20"")"
20,21,,,,,,"g.edge(""20"",""21"")"
21,22,,,,,,"g.edge(""21"",""22"")"
22,23,,,,,,"g.edge(""22"",""23"")"
23,24,,,,,,"g.edge(""23"",""24"")"
24,25,,,,,,"g.edge(""24"",""25"")"
25,26,,,,,,"g.edge(""25"",""26"")"
26,27,,,,,,"g.edge(""26"",""27"")"
3,28,,,,,,"g.edge(""3"",""28"")"
28,29,,,,,,"g.edge(""28"",""29"")"
29,30,,,,,,"g.edge(""29"",""30"")"
30,31,,,,,,"g.edge(""30"",""31"")"
31,32,,,,,,"g.edge(""31"",""32"")"
32,33,,,,,,"g.edge(""32"",""33"")"
33,34,,,,,,"g.edge(""33"",""34"")"
34,35,,,,,,"g.edge(""34"",""35"")"
3,36,,,,,,"g.edge(""3"",""36"")"
36,37,,,,,,"g.edge(""36"",""37"")"
37,38,,,,,,"g.edge(""37"",""38"")"
38,39,,,,,,"g.edge(""38"",""39"")"
39,40,,,,,,"g.edge(""39"",""40"")"
40,41,,,,,,"g.edge(""40"",""41"")"
41,42,,,,,,"g.edge(""41"",""42"")"
42,43,,,,,,"g.edge(""42"",""43"")"
43,44,,,,,,"g.edge(""43"",""44"")"
44,45,,,,,,"g.edge(""44"",""45"")"
45,46,,,,,,"g.edge(""45"",""46"")"
4,47,,,,,,"g.edge(""4"",""47"")"
47,48,,,,,,"g.edge(""47"",""48"")"
48,49,,,,,,"g.edge(""48"",""49"")"
49,50,,,,,,"g.edge(""49"",""50"")"
8,51,,,,,,"g.edge(""8"",""51"")"
51,52,,,,,,"g.edge(""51"",""52"")"
9,53,,,,,,"g.edge(""9"",""53"")"
53,54,,,,,,"g.edge(""53"",""54"")"
54,55,,,,,,"g.edge(""54"",""55"")"
55,56,,,,,,"g.edge(""55"",""56"")"
56,57,,,,,,"g.edge(""56"",""57"")"
57,58,,,,,,"g.edge(""57"",""58"")"
58,59,,,,,,"g.edge(""58"",""59"")"
59,60,,,,,,"g.edge(""59"",""60"")"
60,61,,,,,,"g.edge(""60"",""61"")"
61,62,,,,,,"g.edge(""61"",""62"")"
62,63,,,,,,"g.edge(""62"",""63"")"
63,64,,,,,,"g.edge(""63"",""64"")"
64,65,,,,,,"g.edge(""64"",""65"")"
11,66,,,,,,"g.edge(""11"",""66"")"
66,67,,,,,,"g.edge(""66"",""67"")"
12,68,,,,,,"g.edge(""12"",""68"")"
68,69,,,,,,"g.edge(""68"",""69"")"
